PDB ID,Model File,DockQ Score,Fnat,LRMSD,iRMSD
7l1d,7l1d_0_reres.pdb,0.447,0.405,5.066,3.012
7l1d,7l1d_1_reres.pdb,0.445,0.446,5.692,3.015
7l1d,7l1d_2_reres.pdb,0.481,0.473,4.153,3.4
7l1d,7l1d_3_reres.pdb,0.393,0.405,7.072,3.171
7l1d,7l1d_4_reres.pdb,0.42,0.432,6.107,3.321
7na5,7na5_0_reres.pdb,0.272,0.388,13.857,3.49
7na5,7na5_1_reres.pdb,0.283,0.449,15.094,3.433
7na5,7na5_2_reres.pdb,0.271,0.367,13.207,3.545
7na5,7na5_3_reres.pdb,0.284,0.469,15.283,3.632
7na5,7na5_4_reres.pdb,0.232,0.367,15.502,4.57
7pbc,7pbc_0_reres.pdb,0.858,0.866,2.225,0.816
7pbc,7pbc_1_reres.pdb,0.856,0.836,2.364,0.741
7pbc,7pbc_2_reres.pdb,0.831,0.851,1.633,1.031
7pbc,7pbc_3_reres.pdb,0.822,0.866,1.978,1.099
7pbc,7pbc_4_reres.pdb,0.864,0.866,2.006,0.799
7pbe,7pbe_0_reres.pdb,0.813,0.868,2.207,1.14
7pbe,7pbe_1_reres.pdb,0.824,0.855,1.703,1.085
7pbe,7pbe_2_reres.pdb,0.816,0.855,1.855,1.131
7pbe,7pbe_3_reres.pdb,0.82,0.855,1.473,1.137
7pbe,7pbe_4_reres.pdb,0.825,0.882,1.756,1.142
7pdw,7pdw_0_reres.pdb,0.762,0.462,2.642,0.463
7pdw,7pdw_1_reres.pdb,0.732,0.462,2.929,0.656
7pdw,7pdw_2_reres.pdb,0.777,0.508,2.931,0.412
7pdw,7pdw_3_reres.pdb,0.749,0.462,2.833,0.538
7pdw,7pdw_4_reres.pdb,0.762,0.477,2.704,0.496
7phr,7phr_0_reres.pdb,0.88,0.841,1.721,0.658
7phr,7phr_1_reres.pdb,0.886,0.841,1.115,0.668
7phr,7phr_2_reres.pdb,0.845,0.841,1.545,0.92
7phr,7phr_3_reres.pdb,0.885,0.878,1.739,0.709
7phr,7phr_4_reres.pdb,0.868,0.89,2.256,0.799
7qpj,7qpj_0_reres.pdb,0.877,0.754,1.699,0.454
7qpj,7qpj_1_reres.pdb,0.891,0.783,1.43,0.445
7qpj,7qpj_2_reres.pdb,0.888,0.768,1.118,0.462
7qpj,7qpj_3_reres.pdb,0.897,0.797,1.377,0.443
7qpj,7qpj_4_reres.pdb,0.871,0.783,1.742,0.577
7rk7,7rk7_0_reres.pdb,0.498,0.606,9.48,1.682
7rk7,7rk7_1_reres.pdb,0.512,0.712,10.155,1.793
7rk7,7rk7_2_reres.pdb,0.307,0.455,14.099,2.991
7rk7,7rk7_3_reres.pdb,0.302,0.424,14.505,2.776
7rk7,7rk7_4_reres.pdb,0.331,0.364,10.273,2.809
7rm4,7rm4_0_reres.pdb,0.031,0,29.016,12.698
7rm4,7rm4_1_reres.pdb,0.035,0,27.289,11.485
7rm4,7rm4_2_reres.pdb,0.029,0,30.248,13.004
7rm4,7rm4_3_reres.pdb,0.587,0.306,2.285,1.437
7rm4,7rm4_4_reres.pdb,0.028,0,32.111,10.628
7rrg,7rrg_0_reres.pdb,0.148,0,15.841,2.819
7rrg,7rrg_1_reres.pdb,0.154,0,15.248,2.778
7rrg,7rrg_2_reres.pdb,0.158,0,15.05,2.718
7rrg,7rrg_3_reres.pdb,0.141,0,16.412,2.898
7rrg,7rrg_4_reres.pdb,0.148,0,15.644,2.869
8d5q,8d5q_0_reres.pdb,0.659,0.66,4.07,1.493
8d5q,8d5q_1_reres.pdb,0.673,0.679,4.166,1.399
8d5q,8d5q_2_reres.pdb,0.682,0.698,4.039,1.409
8d5q,8d5q_3_reres.pdb,0.651,0.642,4.784,1.348
8d5q,8d5q_4_reres.pdb,0.677,0.679,3.758,1.459
8dnt,8dnt_0_reres.pdb,0.586,0.479,6.354,1.133
8dnt,8dnt_1_reres.pdb,0.616,0.466,5.253,1.078
8dnt,8dnt_2_reres.pdb,0.636,0.466,4.683,1.041
8dnt,8dnt_3_reres.pdb,0.596,0.452,5.744,1.102
8dnt,8dnt_4_reres.pdb,0.605,0.452,5.632,1.061
8i5c,8i5c_0_reres.pdb,0.622,0.587,4.772,1.45
8i5c,8i5c_1_reres.pdb,0.513,0.492,6.786,1.706
8i5c,8i5c_2_reres.pdb,0.604,0.476,4.043,1.441
8i5c,8i5c_3_reres.pdb,0.65,0.54,3.654,1.311
8i5c,8i5c_4_reres.pdb,0.738,0.698,2.023,1.307
8i5d,8i5d_0_reres.pdb,0.734,0.61,2.198,1.093
8i5d,8i5d_1_reres.pdb,0.67,0.712,5.573,1.224
8i5d,8i5d_2_reres.pdb,0.772,0.695,2.833,0.935
8i5d,8i5d_3_reres.pdb,0.675,0.576,2.87,1.356
8i5d,8i5d_4_reres.pdb,0.72,0.627,2.373,1.212
8shi,8shi_0_reres.pdb,0.51,0.583,7.476,1.905
8shi,8shi_1_reres.pdb,0.174,0.229,16.441,5.065
8shi,8shi_2_reres.pdb,0.281,0.417,13.153,3.837
8shi,8shi_3_reres.pdb,0.322,0.438,10.502,3.815
8shi,8shi_4_reres.pdb,0.209,0.312,15.529,4.909
8wte,8wte_0_reres.pdb,0.344,0.429,10.824,2.813
8wte,8wte_1_reres.pdb,0.501,0.508,6.517,1.976
8wte,8wte_2_reres.pdb,0.335,0.349,9.392,2.948
8wte,8wte_3_reres.pdb,0.481,0.571,8.289,2.001
8wte,8wte_4_reres.pdb,0.5,0.556,6.752,2.136
8wul,8wul_0_reres.pdb,0.616,0.623,4.509,1.681
8wul,8wul_1_reres.pdb,0.636,0.639,4.503,1.539
8wul,8wul_2_reres.pdb,0.635,0.672,5.066,1.518
8wul,8wul_3_reres.pdb,0.586,0.639,5.604,1.752
8wul,8wul_4_reres.pdb,0.596,0.623,5.031,1.741
